wjcEIp,NqpwHC,XQDdHH,Wphh3N,UkUFwK,yiggsN 2,NqpwHC 2,XQDdHH 2,Wphh3N 2,UkUFwK 2,yiggsN 4,wjcEIp 3,NqpwHC 3,Wphh3N 3,UkUFwK 3,NqpwHC 4,UkUFwK 4
"Phillauri Complete Skin Care Cleanse, Tone, Exfoliate, ...",4 Items in the set,3.9,"-7,353",87% off,Hot Deal,3 Items in the set,4.1,"-13,196",38% off,"Buy 2 items, save extra ₹40",Minimalist Dry_Skincare_Kit,3 Items in the set,-355,5% off,4 Items in the set,36% off
Minimalist Oily Skincare Kit,3 Items in the set,4.3,-669,5% off,"Buy 2 items, save extra ₹40",4 Items in the set,4.3,"-4,460",42% off,Hot Deal,"Skinkraft Vitamin C Radiance Kit, Face Wash + Night cre...",4 Items in the set,-749,34% off,4 Items in the set,20% off
Minimalist Sensitive Skincare kit,3 Items in the set,4.2,-213,5% off,"Buy 2 items, save extra ₹40",2 Items in the set,4.3,"-1,820",68% off,Only few left,GLAMVEDA Glass Skin Rice & Ceramide 7 Step Weekly Skinc...,7 Items in the set,-304,47% off,5 Items in the set,45% off
Herbs and Pure Daily Skincare Combo - Intense Purifying...,2 Items in the set,,,60% off,"Buy 2 items, save extra ₹20",4 Items in the set,,,25% off,Only few left,GLAMVEDA Glass Skin Rice & Ceramide Valentine Skincare ...,4 Items in the set,,34% off,4 Items in the set,15% off
The Plant Fix Plix Jamun active acne serum 30ml Jamun f...,3 Items in the set,4.1,"-3,865",40% off,"Buy 2 items, save extra ₹40",3 Items in the set,4.1,"-1,924",58% off,Hot Deal,XYST Glow Facial Skincare Kit | 10% Vitamin C & Hyaluro...,3 Items in the set,,23% off,3 Items in the set,21% off
"The Plant Fix Plix Jamun Active Acne Kit, Toner, Serum,...",6 Items in the set,4.3,-288,36% off,Hot Deal,4 Items in the set,4.2,"-3,920",50% off,Only few left,LILIUM Daily Skincare Kit | For Nourished & Glowing Ski...,5 Items in the set,-349,42% off,4 Items in the set,58% off
"The Plant Fix Plix Vitamin C Guava Skincare Combo, Face...",3 Items in the set,4.2,"-1,099",28% off,"Buy 2 items, save extra ₹40",3 Items in the set,4.3,-90,18% off,Hot Deal,"The Plant Fix Plix Hydrating Cleanser, Toner Serum, Smo...",4 Items in the set,-733,30% off,4 Items in the set,40% off
Piru 3D Skin Tightening Massager for Face 100% Natural ...,2 Items in the set,4.2,-317,42% off,Only few left,4 Items in the set,4.1,"-7,399",39% off,Only few left,The Plant Fix Plix 10% Niacinamide Jamun Face Serum & S...,2 Items in the set,"-1,288",37% off,6 Items in the set,48% off
"Dr. Alies Professional Vitamin C Face Serum, Facewash, ...",4 Items in the set,3.8,"-12,395",85% off,Hot Deal,4 Items in the set,3.9,-494,60% off,Hot Deal,"Skinkraft Hydra Boost Kit, Face Wash + Moisturiser + Fa...",3 Items in the set,"-2,036",40% off,5 Items in the set,23% off
"mCaffeine Body Care Gift Set | Berries Body Wash, Scrub...",3 Items in the set,3.9,"-2,104",17% off,Hot Deal,3 Items in the set,4.3,-126,32% off,"Buy 2 items, save extra ₹20",HYPHEN Daily Day-Care Combo with Face Serum & Moisturiz...,2 Items in the set,-72,13% off,2 Items in the set,78% off
